intent,question,answer
electrical,How can I identify a bad ground connection in my electrical system,"A bad ground connection can cause electrical issues. To identify it, check for loose or corroded wires in the ground circuit."
electrical,What's the purpose of a junction box in electrical wiring,A junction box is used to contain electrical connections and protect them from damage. It also provides a safe space for splicing wires.
electrical,How do I calculate the electrical load for a room,"To calculate the electrical load for a room, add up the wattage of all devices and appliances that will be used in the room."
electrical,What's the difference between a fuse and a circuit breaker,"Fuses and circuit breakers both protect against electrical overloads, but circuit breakers can be reset, while fuses need to be replaced."
electrical,How can I install a ceiling fan with a light kit,"To install a ceiling fan with a light kit, follow the manufacturer's instructions and ensure the junction box can support the weight."
electrical,What's the purpose of a surge protector for electronics,"A surge protector safeguards electronic devices from voltage spikes and power surges, preventing damage."
electrical,How do I upgrade an electrical panel in my home,Upgrading an electrical panel involves hiring a licensed electrician to replace the old panel with a larger one to accommodate more circuits.
electrical,What's the difference between series and parallel electrical circuits,"In a series circuit, components are connected end-to-end, while in a parallel circuit, components are connected side by side. Parallel circuits are more common in homes."
electrical,How do I install a dimmer switch for lighting control,"To install a dimmer switch, turn off the power, remove the old switch, connect wires to the dimmer, and secure it in place."
electrical,What's the best way to ensure proper grounding for electronic equipment,Proper grounding involves using dedicated ground wires and grounding rods to prevent electrical shock hazards.
plumbing,How can I fix a leaking faucet,"To fix a leaking faucet, turn off the water supply, disassemble the faucet, and replace the damaged washer or O-ring."
plumbing,What's the ideal water pressure for a home plumbing system,The ideal water pressure for a home plumbing system is typically around 40-60 psi (pounds per square inch).
plumbing,How do I unclog a blocked drain without using chemicals,"You can use a plunger, a drain snake, or a mixture of baking soda and vinegar to unclog a drain without chemicals."
plumbing,What's the difference between PVC and CPVC pipes,"PVC (Polyvinyl Chloride) pipes are for cold water, while CPVC (Chlorinated Polyvinyl Chloride) pipes are for hot water. They have different heat resistance."
plumbing,How do I replace a toilet flapper valve,"To replace a toilet flapper valve, turn off the water supply, remove the old flapper, and attach the new one according to the manufacturer's instructions."
plumbing,What's the best way to prevent frozen pipes in cold weather,"To prevent frozen pipes, insulate exposed pipes, let faucets drip in freezing temperatures, and keep the thermostat at a consistent temperature."
plumbing,How can I locate a water leak in my home's plumbing,"To locate a water leak, check for visible signs of water, use a water meter, or hire a professional leak detection service."
plumbing,What is backflow prevention in a plumbing system,Backflow prevention devices ensure that contaminated water doesn't flow back into the clean water supply. They are essential for health and safety.
plumbing,How do I install a water softener in my home,"To install a water softener, connect it to the main water supply, set it up according to the manufacturer's instructions, and regularly replenish the salt."
plumbing,What's the process for replacing a kitchen sink and its plumbing,"Replacing a kitchen sink involves disconnecting the plumbing, removing the old sink, installing the new one, and reconnecting the plumbing."
carpentry,What's the best wood for outdoor furniture,Cedar and redwood are popular choices for outdoor furniture due to their natural resistance to decay and insects.
carpentry,How do I install a new interior door,"To install a new interior door, you'll need to measure, cut, and hang the door, ensuring it's level and properly attached to the frame."
carpentry,What's the difference between a miter saw and a circular saw,"A miter saw is ideal for making precise crosscuts and mitered angles, while a circular saw is versatile for straight cuts in various materials."
carpentry,How can I repair a wooden deck that's showing signs of rot,"To repair a rotting wooden deck, you'll need to remove the damaged sections, replace them with new boards, and ensure proper sealing and maintenance."
carpentry,What's the best way to join two pieces of wood for a strong bond,"For a strong wood bond, consider using techniques like dowel joints, mortise and tenon joints, or wood glue and screws."
carpentry,How do I build a basic bookshelf,"To build a basic bookshelf, cut pieces of lumber to size, assemble them using screws or dowels, and finish with paint or stain."
carpentry,What's the proper way to measure and cut angles for trim work,"Use a miter saw to make precise angle cuts for trim work. Measure and mark the angle, then cut with the saw."
carpentry,How do I repair a squeaky wooden floor,"To repair a squeaky floor, identify the squeak's source, secure the loose subfloor or floorboards, and lubricate any friction points with talcum powder."
carpentry,What's the difference between hardwood and softwood,"Hardwood comes from deciduous trees and is denser, while softwood comes from coniferous trees and is less dense. Each has unique uses in carpentry."
carpentry,How can I create a strong wood joint without using nails or screws,Dovetail joints and mortise and tenon joints are strong options for joining wood without relying on nails or screws.
electrical,How do I replace a light switch in my home,"To replace a light switch, turn off the power, remove the old switch, connect wires to the new switch, and ensure it's properly secured."
electrical,What is the purpose of a ground fault circuit interrupter (GFCI) outlet,"A GFCI outlet monitors the flow of electricity and shuts off the power if it detects a ground fault, preventing electrical shocks."
electrical,How can I identify a short circuit in my electrical wiring,"A short circuit can be identified by checking for burnt or damaged wires, flickering lights, or tripped circuit breakers."
electrical,What's the difference between single-pole and double-pole circuit breakers,"Single-pole circuit breakers control 120V circuits, while double-pole circuit breakers control 240V circuits, such as for large appliances."
electrical,How do I install outdoor lighting for my backyard,"To install outdoor lighting, plan the layout, bury underground cables, connect fixtures, and ensure they are weatherproof."
electrical,What's the purpose of an electrical conduit in wiring,"An electrical conduit is used to protect and route electrical wiring, safeguarding it from damage and environmental factors."
electrical,How can I improve the energy efficiency of my home's lighting,"Replace incandescent bulbs with LED or CFL bulbs, and use dimmer switches to reduce energy consumption."
electrical,What is a dedicated circuit,"A dedicated circuit is a separate electrical circuit for a specific appliance, like a refrigerator or microwave. It's necessary for safety and to prevent overloads."
electrical,How do I wire a 4-way switch for lighting control,Wiring a 4-way switch involves connecting multiple switches to control a single light fixture from different locations.
electrical,What's the difference between a conductor and an insulator in electrical wiring,"A conductor allows electrical current to pass through, while an insulator prevents current flow. Materials like copper are conductors, while rubber is an insulator."
plumbing,How do I fix a leaking water pipe,"To fix a leaking water pipe, turn off the water supply, drain the pipe, and patch the leak with a pipe clamp or epoxy putty."
plumbing,What's the proper way to install a new water heater,"To install a water heater, connect the water and gas lines, ensure proper venting, and adjust the thermostat to the desired temperature."
plumbing,How can I prevent water hammer in my plumbing system,Water hammer is caused by sudden pressure changes. Installing water hammer arrestors or adjusting water pressure can prevent it.
plumbing,What is the difference between hard water and soft water,"Hard water contains high mineral content, while soft water has been treated to remove minerals. Soft water is better for plumbing and appliances."
plumbing,How do I install a new bathtub or shower unit,"To install a new bathtub or shower, remove the old unit, set the new one in place, connect plumbing fixtures, and seal joints properly."
plumbing,What's the best way to repair a leaking toilet tank,"To repair a leaking toilet tank, identify the source of the leak, replace the faulty component, and ensure a proper seal."
plumbing,How do I locate the main water shut-off valve in my home,The main water shut-off valve is typically near the water meter or where the water supply enters the home. It's important to know its location for emergencies.
plumbing,What's the purpose of a sump pump in a basement,A sump pump is used to prevent basement flooding by pumping out excess groundwater that collects in a sump pit.
plumbing,How can I improve the water pressure in my home,"To improve water pressure, clean clogged faucet aerators, replace old pipes, or install a water pressure booster system."
plumbing,What's the difference between PEX and copper pipes for plumbing,"PEX (cross-linked polyethylene) is a flexible, easy-to-install piping material, while copper is a durable but rigid option for plumbing."
carpentry,How do I build a wooden deck for my backyard,"To build a wooden deck, design a plan, obtain permits, dig footings, install support posts, and lay deck boards."
carpentry,What's the best way to finish and protect an outdoor wooden structure,"To protect outdoor wood structures, use sealers, stains, or paints designed for exterior use to prevent weathering and decay."
carpentry,How do I install crown molding in my home,"To install crown molding, measure and cut the molding, secure it to the wall and ceiling, and fill gaps with caulk for a finished look."
carpentry,What's the difference between a coping saw and a jigsaw,"A coping saw is used for intricate curved cuts, while a jigsaw is versatile for straight and curved cuts in various materials."
carpentry,How can I repair a wooden fence that's leaning or damaged,"To repair a leaning fence, reset posts in concrete, replace damaged boards, and secure loose or missing hardware."
greetings,Hi hello,Welcome! How can I assist you today?
greetings,hi ,Hi there! What can I help you with?
greetings,Hey,Hey! Ready to tackle any questions you have.
greetings,"Greetings,",Greetings! What's on your mind?
greetings,good day,Good day! How can I support you?
greetings,how are you,Hello! I'm here to help with any questions you may have.
greetings,need assistance, Nice to meet you. What can I do for you today?
greetings,help,Hey! Welcome back. How can I assist you today?
greetings,request,Hello again! It's good to have you here. What do you need help with?
greetings,hi ,
goodbye,Goodbye,"Goodbye! If you ever have more questions, feel free to return."
goodbye,Farewell,Farewell! Don't hesitate to reach out if you need assistance.
goodbye,Take care,Take care! Feel free to return whenever you have more questions.
goodbye,Until next time,"Until next time! If there's anything else you need, I'll be here."
goodbye,See you laterSee you later! ,"If you ever need support, I'm just a message away."
goodbye,Bye for now,"Bye for now! If there's anything else I can assist you with, let me know."
goodbye,Have a great day,"Have a great day! If you ever run into questions, I'm here to help."
goodbye,Adios,Adios! Feel free to return whenever you need assistance.
goodbye,See you soon,"See you soon! If you ever need guidance, I'll be here."
goodbye,"Take care, friend","Take care, friend! If there's anything else on your mind, let me know."
goodbye,Thank you so much,Anytime
