qualification,caretaker_name,caretaker_number
"A dedicated caretaker should possess expertise in diabetes management, medication administration, blood pressure monitoring, mobility assistance, bathing support, and stroke rehabilitation techniques.",Nathan Carter,(202) 555-0143
"The caretaker must be compassionate, experienced in heart disease and osteoarthritis management, knowledgeable about medication reminders and statin/aspirin administration, skilled in joint pain relief techniques, and proficient in assisting with personal care and walker use.",Michael Thompson,(309) 555-0193
"Experienced caretaker needed with expertise in Alzheimer's supervision, memory care, medication management, and personal care for patients with hypertension; must be reliable, compassionate, and attentive to detail.",Jessica Turner,+1 234-567-8902
"The caretaker must have empathy, medical knowledge, patience, mobility assistance skills, experience with advanced cognitive impairment, and expertise in managing medication and daily activities.",James Parker,(202) 555-0136
"The caretaker must be compassionate, experienced in respiratory care, knowledgeable in arthritis and COPD management, skilled in administering medications like albuterol and prednisone, proficient in personal care, and supportive in mobility assistance and oxygen therapy.",Alex Johnson,(202) 555-0173
"Seeking a compassionate caretaker skilled in osteoporosis and hypertension management, experienced with calcium supplementation, Lisinopril administration, medication reminders, and joint pain care.",Mark Thompson,202-555-0149
"A caretaker must be compassionate, reliable, experienced in stroke and diabetes care, skilled in administering medications like Metformin and Aspirin, proficient in mobility support, and capable of providing diabetes monitoring and medication reminders.",Jordan Mitchell,(415) 555-0198
"The caretaker must be attentive, organized, compassionate, knowledgeable about heart disease and anxiety management, proficient in medication reminders for statins and Xanax, and empathetic to the needs of a patient without cognitive issues.",Benjamin Carter,(202) 555-0147
"The caretaker must be compassionate, experienced in pain management and diabetes care, skilled in administering medication like oxycodone, and proficient in providing personal care assistance, including dressing and mobility support.",Jason Mitchell,(323) 555-0123
"The ideal caretaker should possess experience with Parkinson's care, expertise in administering levodopa, skill in managing tremor control, patience with advanced cognitive impairment, proficiency in personal care and dressing assistance, and a compassionate approach, particularly experienced in assisting female patients.",Jessica Thompson,(323) 555-0147
"A suitable caretaker must have expertise in medication management, pain management, personal care assistance, and experience with osteoarthritis and hypertension support.",Jessica Hartman,(323) 555-0198
"A suitable caretaker should have expertise in diabetes and hypertension management, medication reminders, mobility assistance, and excellent organizational skills.",Emily Thompson,(385) 214-9672
"The caretaker must have experience in respiratory care, medication management, mobility assistance, cognitive support, and compassionate patient-centered care.",Jacob Carter,(555) 123-4567
"The caretaker should be compassionate, experienced in pain management, knowledgeable in medication administration, skilled in mobility assistance, proficient in personal care, and attentive to dressing needs.",Jessica Collins,(202) 555-0143
"A suitable caretaker must possess expertise in hypertension and diabetes management, medication reminders, mobility assistance, and advanced cognitive impairment care.",Sarah Thompson,(202) 555-0147
"Experienced caregiver needed with expertise in Parkinsonâ€™s, skilled in mobility support, dressing and bathing assistance, compassionate, patient, and detail-oriented.",Michael Stevens,(202) 555-0143
"The caretaker must be compassionate, organized, knowledgeable in managing and monitoring heart disease, hypertension, diabetes, and medication reminders, ensuring personalized care without cognitive support.",Jake Thompson,(202) 555-0198
"Looking for a caretaker skilled in COPD and heart disease care, proficient in medication management (including albuterol and statins), oxygen therapy, and mobility assistance, with attention to patient-specific needs and routines.",Jamie Collins,(323) 555-0173
"The caretaker must be skilled in hypertension and diabetes management, knowledgeable in administering medications like Hydrochlorothiazide and Metformin, proficient in blood pressure monitoring, and committed to personalized patient care.",James Harrison,(283) 555-0173
"""Seeking an experienced caregiver with expertise in Parkinson's, skilled in levodopa administration, dressing assistance, mobility enhancement, and moderate cognitive support.""",Emily Johnson,(202) 555-0193
"A caretaker must be compassionate, organized, knowledgeable in chronic pain and medication management, attentive to personal care needs, and experienced in assisting with mobility and administering medications like Metformin and Oxycodone.",James Anderson,(323) 555-0198
"Caretaker must possess expertise in osteoarthritis and stroke management, administer medications like prednisone, monitor hypertension, assist with daily living and mobility, and provide effective joint pain management.",Jordan Peterson,(323) 555-0173
"A caretaker must be skilled in COPD management, heart disease care, administering oxygen therapy, medication reminders, and providing breathing assistance.",Jason Reynolds,(213) 555-0198
